{
  "transition_probs": {
    "I": {
      "I": 0.5101721439749609,
      "vi": 0.04773082942097027,
      "ii": 0.06103286384976526,
      "I7": 0.08059467918622848,
      "vi\u00b0": 0.024256651017214397,
      "V": 0.09624413145539906,
      "ii7": 0.019561815336463225,
      "i": 0.09702660406885759,
      "vi7": 0.02269170579029734,
      "i7": 0.02112676056338028,
      "V7": 0.012519561815336464,
      "ii\u00b0": 0.007042253521126761
    },
    "vi": {
      "V": 0.1513157894736842,
      "I": 0.3618421052631579,
      "vi\u00b0": 0.046052631578947366,
      "vi": 0.15789473684210525,
      "ii": 0.13157894736842105,
      "V7": 0.006578947368421052,
      "vi7": 0.05921052631578947,
      "I7": 0.046052631578947366,
      "i": 0.006578947368421052,
      "ii\u00b0": 0.006578947368421052,
      "ii7": 0.02631578947368421
    },
    "V": {
      "I": 0.3374083129584352,
      "vi": 0.05867970660146699,
      "V7": 0.13691931540342298,
      "V": 0.13691931540342298,
      "ii": 0.08312958435207823,
      "vi7": 0.039119804400977995,
      "i": 0.16381418092909536,
      "vi\u00b0": 0.017114914425427872,
      "I7": 0.017114914425427872,
      "ii7": 0.009779951100244499
    },
    "ii": {
      "V": 0.21338912133891214,
      "vi\u00b0": 0.03765690376569038,
      "I": 0.26778242677824265,
      "ii7": 0.1297071129707113,
      "vi": 0.07531380753138076,
      "ii": 0.1506276150627615,
      "i": 0.04602510460251046,
      "i7": 0.0041841004184100415,
      "vi7": 0.02092050209205021,
      "I7": 0.02092050209205021,
      "ii\u00b0": 0.012552301255230125,
      "V7": 0.02092050209205021
    },
    "I7": {
      "I": 0.41134751773049644,
      "ii": 0.07092198581560284,
      "V": 0.2907801418439716,
      "vi": 0.04964539007092199,
      "i": 0.10638297872340426,
      "ii7": 0.028368794326241134,
      "I7": 0.028368794326241134,
      "vi\u00b0": 0.0070921985815602835,
      "ii\u00b0": 0.0070921985815602835
    },
    "vi\u00b0": {
      "I": 0.4772727272727273,
      "i": 0.26136363636363635,
      "V": 0.10227272727272728,
      "vi\u00b0": 0.045454545454545456,
      "ii": 0.056818181818181816,
      "V7": 0.022727272727272728,
      "I7": 0.011363636363636364,
      "ii7": 0.011363636363636364,
      "vi": 0.011363636363636364
    },
    "V7": {
      "I": 0.6039603960396039,
      "vi": 0.0891089108910891,
      "ii": 0.06930693069306931,
      "i": 0.16831683168316833,
      "V": 0.04950495049504951,
      "V7": 0.009900990099009901,
      "vi\u00b0": 0.009900990099009901
    },
    "ii7": {
      "I": 0.32978723404255317,
      "ii7": 0.05319148936170213,
      "i7": 0.02127659574468085,
      "i": 0.0851063829787234,
      "ii": 0.14893617021276595,
      "V7": 0.06382978723404255,
      "vi\u00b0": 0.07446808510638298,
      "vi": 0.02127659574468085,
      "ii\u00b0": 0.010638297872340425,
      "I7": 0.010638297872340425,
      "V": 0.1595744680851064,
      "vi7": 0.02127659574468085
    },
    "i": {
      "i7": 0.0829145728643216,
      "V": 0.14824120603015076,
      "vi\u00b0": 0.04020100502512563,
      "I": 0.2989949748743719,
      "i": 0.228643216080402,
      "ii7": 0.04020100502512563,
      "I7": 0.01507537688442211,
      "ii": 0.0678391959798995,
      "ii\u00b0": 0.04773869346733668,
      "vi7": 0.005025125628140704,
      "V7": 0.017587939698492462,
      "vi": 0.007537688442211055
    },
    "i7": {
      "V7": 0.056338028169014086,
      "I": 0.323943661971831,
      "V": 0.16901408450704225,
      "i": 0.2676056338028169,
      "I7": 0.028169014084507043,
      "i7": 0.028169014084507043,
      "ii\u00b0": 0.056338028169014086,
      "vi\u00b0": 0.014084507042253521,
      "ii": 0.056338028169014086
    },
    "vi7": {
      "I7": 0.0625,
      "I": 0.390625,
      "ii": 0.0625,
      "vi": 0.046875,
      "V": 0.21875,
      "i7": 0.015625,
      "ii7": 0.0625,
      "i": 0.0625,
      "vi\u00b0": 0.0625,
      "vi7": 0.015625
    },
    "ii\u00b0": {
      "I": 0.6052631578947368,
      "V7": 0.07894736842105263,
      "V": 0.05263157894736842,
      "i7": 0.13157894736842105,
      "i": 0.10526315789473684,
      "I7": 0.02631578947368421
    }
  },
  "chord_counts": {
    "I": 1313,
    "vi": 152,
    "V": 414,
    "ii": 239,
    "I7": 141,
    "vi\u00b0": 88,
    "V7": 101,
    "ii7": 94,
    "i": 398,
    "i7": 71,
    "vi7": 64,
    "ii\u00b0": 38
  }
}